City_ID,City,Country,Date,Lat,Lng,Max Temp,Humidity,Cloudiness,Wind Speed
0,Mmabatho,ZA,2020-08-21 23:26:11,-25.85,25.63,46.4,39,0,4.7
1,Mataura,NZ,2020-08-21 23:26:11,-46.19,168.86,53.01,86,53,8.01
2,Cayenne,GF,2020-08-21 23:26:11,4.93,-52.33,80.6,83,3,4.7
3,Ushuaia,AR,2020-08-21 23:26:11,-54.8,-68.3,41.0,75,75,8.05
4,Goundi,TD,2020-08-21 23:26:11,9.36,17.37,73.51,94,91,2.19
5,Talnakh,RU,2020-08-21 23:26:11,69.49,88.4,53.6,81,40,4.47
6,Saskylakh,RU,2020-08-21 23:26:11,71.92,114.08,39.96,78,2,4.5
7,Waddan,LY,2020-08-21 23:26:12,29.16,16.14,73.06,65,0,5.79
8,Punta Arenas,CL,2020-08-21 23:26:12,-53.15,-70.92,41.0,80,75,19.46
9,Richards Bay,ZA,2020-08-21 23:26:12,-28.78,32.04,58.6,83,14,4.74
10,Lompoc,US,2020-08-21 23:24:10,34.64,-120.46,75.2,64,90,11.41
11,Hermanus,ZA,2020-08-21 23:26:12,-34.42,19.23,53.01,79,43,1.01
12,Sayyan,YE,2020-08-21 23:26:12,15.17,44.32,67.35,38,92,4.09
13,Miri,MY,2020-08-21 23:26:12,4.41,114.01,78.8,94,20,1.12
14,Shieli,KZ,2020-08-21 23:26:12,44.17,66.75,64.44,33,65,3.24
15,Jamestown,US,2020-08-21 23:26:12,42.1,-79.24,77.0,53,1,5.82
16,Ternate,ID,2020-08-21 23:26:12,0.8,127.4,80.96,74,97,2.51
17,Albany,US,2020-08-21 23:26:12,42.6,-73.97,81.0,49,88,5.01
18,Huarmey,PE,2020-08-21 23:26:12,-10.07,-78.15,63.21,76,79,7.99
19,Kapaa,US,2020-08-21 23:26:12,22.08,-159.32,84.2,66,40,10.29
20,Bethel,US,2020-08-21 23:26:12,41.37,-73.41,81.0,54,20,5.82
21,Castro,BR,2020-08-21 23:26:12,-24.79,-50.01,40.66,87,99,6.42
22,Port Alfred,ZA,2020-08-21 23:26:12,-33.59,26.89,57.6,77,31,12.28
23,Kasimov,RU,2020-08-21 23:26:12,54.94,41.4,52.07,93,0,4.18
24,Burnie,AU,2020-08-21 23:26:13,-41.07,145.92,48.99,67,16,8.01
25,Khatanga,RU,2020-08-21 23:26:13,71.97,102.5,46.53,60,0,14.54
26,Asau,RO,2020-08-21 23:26:13,46.43,26.4,63.0,90,1,3.71
27,Airai,TL,2020-08-21 23:26:13,-8.93,125.41,63.63,47,0,3.44
28,Thompson,CA,2020-08-21 23:26:13,55.74,-97.86,62.6,63,75,9.17
29,Saint-Leu,RE,2020-08-21 23:26:13,-21.15,55.28,66.2,55,0,6.93
30,Hachioji,JP,2020-08-21 23:26:13,35.66,139.32,82.4,83,90,8.05
31,Mount Darwin,ZW,2020-08-21 23:26:13,-16.77,31.58,57.65,93,36,6.98
32,Vila Franca Do Campo,PT,2020-08-21 23:26:13,37.72,-25.43,71.6,88,20,8.05
33,Hasaki,JP,2020-08-21 23:26:13,35.73,140.83,82.0,94,75,8.05
34,Jvari,GE,2020-08-21 23:26:13,42.72,42.05,64.36,78,95,1.39
35,Vila Velha,BR,2020-08-21 23:26:13,-20.33,-40.29,69.8,68,75,13.87
36,Upernavik,GL,2020-08-21 23:26:13,72.79,-56.15,43.95,72,14,10.6
37,Deputatskiy,RU,2020-08-21 23:26:13,69.3,139.9,32.77,94,100,6.53
38,Caravelas,BR,2020-08-21 23:22:52,-17.71,-39.25,72.45,85,89,12.95
39,Dali,CN,2020-08-21 23:26:13,25.7,100.18,59.81,86,92,1.05
40,Goderich,CA,2020-08-21 23:26:13,43.75,-81.72,77.0,81,0,4.29
41,Hambantota,LK,2020-08-21 23:26:13,6.12,81.12,79.61,82,94,11.74
42,Beatrice,US,2020-08-21 23:26:13,40.27,-96.75,88.0,48,1,8.05
43,Hilo,US,2020-08-21 23:23:20,19.73,-155.09,84.2,62,1,11.41
44,East London,ZA,2020-08-21 23:26:14,-33.02,27.91,58.8,74,9,11.43
45,Manggar,ID,2020-08-21 23:26:14,-2.88,108.27,80.74,84,100,10.8
46,Santa Cruz De La Palma,ES,2020-08-21 23:26:14,28.68,-17.76,82.0,83,20,17.22
47,Palmer,US,2020-08-21 23:26:14,42.16,-72.33,84.2,35,40,10.29
48,Bengkulu,ID,2020-08-21 23:25:39,-3.8,102.27,75.2,84,73,4.27
49,Vaini,TO,2020-08-21 23:26:14,-21.2,-175.2,80.6,83,40,9.17
50,Avarua,CK,2020-08-21 23:24:22,-21.21,-159.78,77.0,78,9,19.46
51,Bulgan,MN,2020-08-21 23:26:14,48.81,103.53,53.64,85,60,3.62
52,Lavrentiya,RU,2020-08-21 23:26:14,65.58,-171.0,48.18,92,100,7.36
53,Terrasini,IT,2020-08-21 23:26:14,38.15,13.08,82.0,83,0,1.12
54,Victoria,HK,2020-08-21 23:24:05,22.29,114.16,82.0,78,44,3.0
55,Nsanje,MW,2020-08-21 23:26:14,-16.92,35.26,66.9,86,34,4.85
56,Atuona,PF,2020-08-21 23:26:14,-9.8,-139.03,78.62,77,14,12.71
57,Yabelo,ET,2020-08-21 23:26:14,4.88,38.08,60.21,73,54,9.53
58,Souillac,MU,2020-08-21 23:26:14,-20.52,57.52,69.8,77,40,6.93
59,Russell,US,2020-08-21 23:26:14,32.35,-85.2,84.2,62,1,9.17
60,Slave Lake,CA,2020-08-21 23:26:14,55.28,-114.77,75.2,41,40,17.22
61,Busselton,AU,2020-08-21 23:26:15,-33.65,115.33,51.01,71,96,6.96
62,San Patricio,MX,2020-08-21 23:26:15,19.22,-104.7,87.8,74,75,9.17
63,Sao Filipe,CV,2020-08-21 23:26:15,14.9,-24.5,77.67,74,50,3.36
64,Dingle,PH,2020-08-21 23:26:15,11.0,122.67,78.33,87,57,0.92
65,Agutaya,PH,2020-08-21 23:26:15,11.15,120.94,83.3,80,14,11.74
66,Alice Springs,AU,2020-08-21 23:25:26,-23.7,133.88,57.2,33,0,3.36
67,Aviles,ES,2020-08-21 23:24:00,43.55,-5.92,62.6,88,20,2.24
68,Narok,KE,2020-08-21 23:26:15,-1.08,35.86,56.14,83,48,6.73
69,Nome,US,2020-08-21 23:26:15,64.5,-165.41,55.0,93,90,6.93
70,Ikeda,JP,2020-08-21 23:26:15,34.82,135.43,88.0,70,20,3.36
71,Tsabong,BW,2020-08-21 23:26:15,-26.02,22.4,53.28,40,0,8.75
72,Paita,PE,2020-08-21 23:26:15,-5.09,-81.11,63.61,79,34,15.14
73,Amapa,BR,2020-08-21 23:26:15,1.0,-52.0,82.11,60,81,2.51
74,Cape Town,ZA,2020-08-21 23:24:34,-33.93,18.42,48.2,93,11,2.24
75,Tabou,CI,2020-08-21 23:26:15,4.42,-7.35,75.63,83,99,9.04
76,Rikitea,PF,2020-08-21 23:26:15,-23.12,-134.97,66.11,68,20,22.48
77,Torbay,CA,2020-08-21 23:26:15,47.67,-52.73,64.99,67,75,16.11
78,Kralendijk,BQ,2020-08-21 23:26:15,12.15,-68.27,84.2,83,75,9.17
79,Kodiak,US,2020-08-21 23:23:57,57.79,-152.41,77.0,36,1,12.75
80,Iqaluit,CA,2020-08-21 23:22:44,63.75,-68.51,50.0,61,75,2.24
81,Umm Lajj,SA,2020-08-21 23:26:16,25.02,37.27,84.13,68,0,6.13
82,Sorland,NO,2020-08-21 23:26:16,67.67,12.69,57.83,86,100,18.66
83,Hobart,AU,2020-08-21 23:25:11,-42.88,147.33,43.0,75,20,10.29
84,Kaitangata,NZ,2020-08-21 23:26:16,-46.28,169.85,54.0,79,80,1.99
85,Celestun,MX,2020-08-21 23:26:16,20.87,-90.4,86.29,66,85,11.25
86,Samarai,PG,2020-08-21 23:26:16,-10.62,150.67,77.81,77,99,8.57
87,Olga,RU,2020-08-21 23:26:16,43.74,135.29,65.39,59,21,3.24
88,Cidreira,BR,2020-08-21 23:26:16,-30.18,-50.21,48.2,60,0,7.05
89,Teya,RU,2020-08-21 23:26:16,60.38,92.63,53.04,91,99,1.39
90,Hithadhoo,MV,2020-08-21 23:26:16,-0.6,73.08,83.52,72,61,7.43
91,Bluff,NZ,2020-08-21 23:26:16,-46.6,168.33,53.01,86,45,8.01
92,Clyde River,CA,2020-08-21 23:26:16,70.47,-68.59,44.49,81,100,2.93
93,Skibbereen,IE,2020-08-21 23:26:16,51.55,-9.27,57.2,93,40,13.87
94,Mgandu,TZ,2020-08-21 23:26:16,-5.95,34.13,59.41,73,57,11.18
95,Salalah,OM,2020-08-21 23:24:06,17.02,54.09,77.0,100,75,10.29
96,Chokurdakh,RU,2020-08-21 23:26:17,70.63,147.92,37.24,85,99,9.35
97,Sitka,US,2020-08-21 23:26:17,57.05,-135.33,57.2,87,90,5.3
98,Puerto Ayora,EC,2020-08-21 23:26:17,-0.74,-90.35,69.01,82,88,5.99
99,Dubbo,AU,2020-08-21 23:26:17,-32.25,148.62,46.4,87,90,17.22
100,Corn Island,NI,2020-08-21 23:22:04,12.17,-83.04,84.22,72,64,8.12
101,Mar Del Plata,AR,2020-08-21 23:26:17,-38.0,-57.56,51.01,93,0,2.24
102,Xuddur,SO,2020-08-21 23:26:17,4.12,43.89,72.12,72,98,17.38
103,Dikson,RU,2020-08-21 23:26:17,73.51,80.55,42.19,81,0,13.71
104,Lasa,IT,2020-08-21 23:26:17,46.62,10.7,62.6,93,5,3.36
105,Kattivakkam,IN,2020-08-21 23:26:17,13.22,80.32,82.4,88,40,6.93
106,Zharkovskiy,RU,2020-08-21 23:26:17,55.85,32.27,51.06,92,0,2.04
107,Namatanai,PG,2020-08-21 23:26:17,-3.67,152.43,83.1,74,2,5.19
108,Birin,NP,2020-08-21 23:26:17,26.89,88.07,77.0,94,75,1.12
109,Pacific Grove,US,2020-08-21 23:26:17,36.62,-121.92,75.2,64,1,9.17
110,Honningsvag,NO,2020-08-21 23:26:17,70.98,25.97,57.2,87,75,10.29
111,Eyl,SO,2020-08-21 23:26:17,7.98,49.82,76.71,72,96,22.28
112,Constitucion,CL,2020-08-21 23:26:17,-35.33,-72.42,53.85,75,0,5.1
113,Mahebourg,MU,2020-08-21 23:26:17,-20.41,57.7,69.8,77,40,6.93
114,Yuzhno-Kurilsk,RU,2020-08-21 23:26:17,44.03,145.86,64.56,66,88,3.65
115,Roma,US,2020-08-21 23:21:19,43.21,-75.46,79.0,57,1,5.82
116,Tiksi,RU,2020-08-21 23:26:17,71.69,128.87,38.55,87,98,10.25
117,Nagapattinam,IN,2020-08-21 23:26:18,10.77,79.83,80.2,85,97,10.63
118,San Jose De Guanipa,VE,2020-08-21 23:26:18,8.89,-64.17,74.64,90,100,8.48
119,Musoma,TZ,2020-08-21 23:26:18,-1.5,33.8,69.8,77,20,5.99
120,Saint-Philippe,RE,2020-08-21 23:26:18,-21.36,55.77,66.2,55,43,6.93
121,Laguna,US,2020-08-21 23:26:18,38.42,-121.42,93.99,27,90,3.36
122,Zhangye,CN,2020-08-21 23:26:18,38.93,100.45,71.22,50,95,1.9
123,Los Llanos De Aridane,ES,2020-08-21 23:26:18,28.66,-17.92,82.0,83,20,17.22
124,Ponta Delgada,PT,2020-08-21 23:26:18,37.73,-25.67,71.6,88,20,8.05
125,Kieta,PG,2020-08-21 23:26:18,-6.22,155.63,84.2,67,62,2.08
126,Sovkhoznyy,RU,2020-08-21 23:26:18,45.29,38.11,64.4,82,20,8.95
127,Kielce,PL,2020-08-21 23:26:18,50.87,20.63,68.0,100,0,4.36
128,Chuy,UY,2020-08-21 23:26:18,-33.7,-53.46,46.58,74,0,5.06
129,Morrope,PE,2020-08-21 23:26:18,-6.54,-80.01,62.6,77,48,18.34
130,Mao,ES,2020-08-21 23:26:18,39.89,4.27,77.0,94,0,3.91
131,Korla,CN,2020-08-21 23:26:18,41.76,86.15,74.19,38,23,6.26
132,Meulaboh,ID,2020-08-21 23:26:18,4.14,96.13,76.41,90,100,5.39
133,Padang,ID,2020-08-21 23:26:18,-0.95,100.35,77.52,78,93,4.54
134,Ribeira Grande,PT,2020-08-21 23:26:18,38.52,-28.7,69.51,64,3,3.78
135,Roebourne,AU,2020-08-21 23:26:18,-20.78,117.13,70.32,27,0,11.95
136,Luganville,VU,2020-08-21 23:26:19,-15.53,167.17,80.6,88,75,8.3
137,Tampa,US,2020-08-21 23:23:29,27.95,-82.46,80.6,94,90,9.17
138,Kambove,CD,2020-08-21 23:26:19,-10.88,26.6,70.38,38,92,6.73
139,Kosh-Agach,RU,2020-08-21 23:26:19,50.0,88.67,46.76,77,96,3.11
140,Kearney,US,2020-08-21 23:26:04,40.7,-99.08,89.6,40,1,9.17
141,Severo-Kurilsk,RU,2020-08-21 23:26:19,50.68,156.12,54.95,74,49,14.76
142,Alofi,NU,2020-08-21 23:26:19,-19.06,-169.92,80.6,74,18,12.75
143,Lorengau,PG,2020-08-21 23:26:19,-2.02,147.27,85.6,65,34,10.38
144,Ayan,RU,2020-08-21 23:26:19,56.45,138.17,56.98,63,72,8.79
145,Flin Flon,CA,2020-08-21 23:26:19,54.77,-101.86,68.0,72,75,9.17
146,Mosquera,CO,2020-08-21 23:26:19,4.71,-74.23,59.0,82,75,5.82
147,Vanimo,PG,2020-08-21 23:26:19,-2.67,141.3,80.76,82,23,5.95
148,New Norfolk,AU,2020-08-21 23:22:15,-42.78,147.06,39.0,85,2,1.66
149,Bajil,YE,2020-08-21 23:26:19,15.06,43.29,92.55,50,99,4.18
150,Omboue,GA,2020-08-21 23:26:19,-1.57,9.26,74.34,78,94,6.6
151,Puerto Colombia,CO,2020-08-21 23:26:19,10.99,-74.95,84.2,79,40,5.82
152,Luderitz,NA,2020-08-21 23:26:19,-26.65,15.16,71.37,20,0,14.72
153,Deer Lake,CA,2020-08-21 23:26:19,49.17,-57.43,57.2,87,90,6.93
154,Okhotsk,RU,2020-08-21 23:26:20,59.38,143.3,57.15,54,7,5.82
155,Tiznit,MA,2020-08-21 23:26:20,29.58,-9.5,80.82,21,0,1.34
156,Kahului,US,2020-08-21 23:24:11,20.89,-156.47,89.6,52,40,24.16
157,Fortuna,US,2020-08-21 23:26:20,40.6,-124.16,75.99,35,23,10.0
158,Tasiilaq,GL,2020-08-21 23:26:20,65.61,-37.64,46.4,68,10,8.05
159,Granada,ES,2020-08-21 23:26:20,37.25,-3.25,73.0,34,0,1.01
160,Pisco,PE,2020-08-21 23:26:20,-13.7,-76.22,62.6,77,40,5.82
161,Ampanihy,MG,2020-08-21 23:26:20,-24.7,44.75,59.36,83,36,10.4
162,Hervey Bay,AU,2020-08-21 23:26:20,-25.3,152.85,68.0,32,0,9.17
163,Mitchelstown,IE,2020-08-21 23:26:20,52.27,-8.27,57.99,90,58,7.0
164,Durban,ZA,2020-08-21 23:26:20,-29.86,31.03,53.01,87,1,1.12
165,Kavieng,PG,2020-08-21 23:26:20,-2.57,150.8,83.75,73,0,8.48
166,Bambous Virieux,MU,2020-08-21 23:26:20,-20.34,57.76,69.8,77,40,6.93
167,Aklavik,CA,2020-08-21 23:26:20,68.22,-135.01,60.8,72,20,5.82
168,Te Anau,NZ,2020-08-21 23:26:20,-45.42,167.72,47.88,77,70,0.16
169,Barrow,US,2020-08-21 23:22:15,71.29,-156.79,55.4,76,1,8.05
170,Abbeville,FR,2020-08-21 23:22:20,50.1,1.83,66.0,69,0,13.38
171,Nelson Bay,AU,2020-08-21 23:26:21,-32.72,152.15,57.0,50,11,24.16
172,Tuktoyaktuk,CA,2020-08-21 23:26:21,69.45,-133.04,62.6,72,20,6.93
173,Berlevag,NO,2020-08-21 23:26:21,70.86,29.09,57.2,87,75,10.29
174,Port Hardy,CA,2020-08-21 23:26:21,50.7,-127.42,60.8,87,90,10.29
175,Arraial Do Cabo,BR,2020-08-21 23:26:21,-22.97,-42.03,64.4,88,90,13.87
176,Banamba,ML,2020-08-21 23:26:21,13.55,-7.45,75.6,87,76,7.65
177,Cabo San Lucas,MX,2020-08-21 23:26:21,22.89,-109.91,87.8,55,75,16.11
178,Katsuura,JP,2020-08-21 23:26:21,35.13,140.3,84.2,83,20,4.7
179,Saint George,US,2020-08-21 23:26:21,37.1,-113.58,107.01,13,1,14.99
180,Kapuskasing,CA,2020-08-21 23:26:21,49.42,-82.43,73.4,53,75,5.82
181,Lamu,KE,2020-08-21 23:26:21,-2.27,40.9,75.99,82,47,13.71
182,Miles City,US,2020-08-21 23:24:47,46.41,-105.84,91.4,18,1,5.82
183,Urumqi,CN,2020-08-21 23:26:10,43.8,87.6,69.8,49,100,4.47
184,Bandar-E Lengeh,IR,2020-08-21 23:26:21,26.56,54.88,87.53,77,53,15.05
185,Cherskiy,RU,2020-08-21 23:26:21,68.75,161.3,41.05,83,100,14.9
186,Kiruna,SE,2020-08-21 23:26:21,67.86,20.23,59.0,93,79,12.75
187,Hohhot,CN,2020-08-21 23:26:21,40.81,111.65,62.6,77,20,2.24
188,Lagoa,PT,2020-08-21 23:26:21,39.05,-27.98,69.19,62,0,2.15
189,Turochak,RU,2020-08-21 23:26:21,52.26,87.12,52.72,85,91,2.73
190,Byron Bay,AU,2020-08-21 23:26:21,-28.65,153.62,59.0,54,49,8.05
191,Kinablangan,PH,2020-08-21 23:26:22,7.69,126.55,78.62,85,99,7.58
192,Yellowknife,CA,2020-08-21 23:23:15,62.46,-114.35,59.0,51,75,11.41
193,Esperance,AU,2020-08-21 23:26:22,-33.87,121.9,44.6,100,100,9.17
194,Vardo,NO,2020-08-21 23:26:22,70.37,31.11,53.6,100,75,8.05
195,Mehran,IR,2020-08-21 23:26:22,33.12,46.16,66.2,25,0,4.7
196,Bredasdorp,ZA,2020-08-21 23:26:22,-34.53,20.04,48.2,93,38,5.82
197,Malakal,SS,2020-08-21 23:26:22,9.53,31.66,72.95,88,92,1.59
198,Ahipara,NZ,2020-08-21 23:26:22,-35.17,173.17,61.07,75,6,6.67
199,Abu Samrah,SY,2020-08-21 23:26:22,35.3,37.18,68.29,82,0,9.4
200,Butaritari,KI,2020-08-21 23:26:22,3.07,172.79,81.97,67,61,2.42
201,Haines Junction,CA,2020-08-21 23:26:22,60.75,-137.51,60.15,70,94,4.56
202,Puri,IN,2020-08-21 23:26:23,19.8,85.85,80.6,94,75,6.93
203,Mount Gambier,AU,2020-08-21 23:26:23,-37.83,140.77,46.4,87,40,10.29
204,Sainte-Claire,CA,2020-08-21 23:23:46,46.6,-70.86,70.0,80,41,1.01
205,Tateyama,JP,2020-08-21 23:26:23,34.98,139.87,88.0,84,20,3.36
206,La Asuncion,VE,2020-08-21 23:25:36,11.03,-63.86,77.0,100,79,2.24
207,Williamsport,US,2020-08-21 23:21:49,41.24,-77.0,84.2,37,1,3.36
208,Hof,DE,2020-08-21 23:26:23,50.32,11.92,72.0,62,64,4.18
209,Hirara,JP,2020-08-21 23:26:23,24.8,125.28,78.8,94,75,13.87
210,Ballina,AU,2020-08-21 23:26:23,-28.87,153.57,59.0,54,18,8.05
211,Urucui,BR,2020-08-21 23:26:24,-7.23,-44.56,82.94,28,53,3.53
212,Snyder,US,2020-08-21 23:23:05,32.72,-100.92,95.0,24,1,9.17
213,Isla Vista,US,2020-08-21 23:26:11,34.41,-119.86,95.0,60,1,4.7
214,Pevek,RU,2020-08-21 23:26:24,69.7,170.31,38.89,93,100,5.61
215,Beringovskiy,RU,2020-08-21 23:26:24,63.05,179.32,51.73,93,100,17.83
216,Morant Bay,JM,2020-08-21 23:26:24,17.88,-76.41,86.0,66,20,16.11
217,Poum,NC,2020-08-21 23:26:24,-20.23,164.02,72.01,74,0,3.44
218,Tanah Merah,MY,2020-08-21 23:26:25,5.8,102.15,75.2,94,20,4.7
219,Komsomolskiy,UZ,2020-08-21 23:26:25,40.43,71.72,69.8,49,0,6.93
220,Gornopravdinsk,RU,2020-08-21 23:26:25,60.05,69.9,53.6,96,97,5.12
221,Nikolskoye,RU,2020-08-21 23:26:25,59.7,30.79,60.8,63,1,4.47
222,Adolfo Lopez Mateos,MX,2020-08-21 23:26:25,28.47,-107.3,83.8,21,42,4.16
223,Nanortalik,GL,2020-08-21 23:26:25,60.14,-45.24,45.93,72,0,1.86
224,Lebu,CL,2020-08-21 23:26:25,-37.62,-73.65,48.6,85,0,11.88
225,Kano,NG,2020-08-21 23:26:25,12.0,8.52,71.38,87,61,4.18
226,Sable-Sur-Sarthe,FR,2020-08-21 23:26:25,47.84,-0.33,64.4,82,20,5.82
227,San Quintin,MX,2020-08-21 23:26:25,30.48,-115.95,81.34,59,95,3.51
228,Ngatea,NZ,2020-08-21 23:26:25,-37.28,175.5,63.0,56,0,8.99
229,Tilichiki,RU,2020-08-21 23:26:26,60.47,166.1,52.65,81,95,6.08
230,Dinguiraye,GN,2020-08-21 23:26:26,11.3,-10.72,72.66,94,98,2.15
231,Kaeo,NZ,2020-08-21 23:26:26,-35.1,173.78,64.99,3,2,7.0
232,Parczew,PL,2020-08-21 23:26:26,51.64,22.9,64.4,88,50,1.12
233,Asyut,EG,2020-08-21 23:26:27,27.18,31.18,80.6,44,0,11.41
234,Bayan,CN,2020-08-21 23:24:29,46.08,127.4,60.26,74,0,2.3
235,Bonavista,CA,2020-08-21 23:26:27,48.65,-53.11,63.0,69,64,8.99
236,Sola,VU,2020-08-21 23:26:27,-13.88,167.55,81.01,84,97,18.3
237,San Felipe,VE,2020-08-21 23:26:27,10.34,-68.74,75.56,89,91,3.09
238,Faya,SA,2020-08-21 23:26:27,18.39,42.45,75.2,18,74,3.33
239,Cravo Norte,CO,2020-08-21 23:26:27,6.3,-70.2,79.23,87,100,3.15
240,Faanui,PF,2020-08-21 23:26:27,-16.48,-151.75,77.14,80,7,22.57
241,Cradock,ZA,2020-08-21 23:26:27,-32.16,25.62,47.66,51,0,2.62
242,Ndele,CF,2020-08-21 23:26:28,8.41,20.65,71.67,93,95,1.19
243,Krasnooktyabrskiy,RU,2020-08-21 23:26:28,44.93,38.37,66.0,93,31,4.47
244,Juneau,US,2020-08-21 23:22:37,58.3,-134.42,59.0,82,90,2.68
245,Acapulco,MX,2020-08-21 23:22:36,16.86,-99.89,86.0,70,40,4.7
246,Rondonopolis,BR,2020-08-21 23:21:50,-16.47,-54.64,59.7,61,38,9.8
247,Yuncheng,CN,2020-08-21 23:26:28,35.02,110.99,69.35,80,53,4.27
248,Gisborne,NZ,2020-08-21 23:25:10,-38.65,178.0,60.42,58,0,8.03
249,Mumford,GH,2020-08-21 23:26:28,5.26,-0.76,74.68,90,45,10.2
250,Margate,GB,2020-08-21 23:26:28,51.38,1.39,66.0,74,0,4.0
251,Crossville,US,2020-08-21 23:25:59,35.95,-85.03,68.0,93,90,3.36
252,Narsaq,GL,2020-08-21 23:26:28,60.92,-46.05,48.4,62,0,3.87
253,Nhulunbuy,AU,2020-08-21 23:25:17,-12.23,136.77,78.8,65,16,10.29
254,Bose,IT,2020-08-21 23:26:28,45.46,8.01,75.0,78,1,5.01
255,Ugoofaaru,MV,2020-08-21 23:26:28,5.67,73.0,81.64,73,54,2.98
256,Mahibadhoo,MV,2020-08-21 23:26:29,3.78,72.97,83.21,65,73,4.29
257,Petropavlovsk-Kamchatskiy,RU,2020-08-21 23:26:29,53.05,158.65,57.2,71,20,6.71
258,Qaanaaq,GL,2020-08-21 23:26:29,77.48,-69.36,38.66,76,91,3.29
259,Daman,IN,2020-08-21 23:26:29,20.42,72.85,80.38,88,100,15.01
260,Puerto Escondido,MX,2020-08-21 23:26:29,15.85,-97.07,82.4,69,75,6.93
261,Ongandjera,NA,2020-08-21 23:26:29,-17.88,15.07,58.12,23,57,6.82
262,Tuatapere,NZ,2020-08-21 23:26:29,-46.13,167.68,53.01,86,19,8.01
263,Pandan,PH,2020-08-21 23:26:29,14.05,124.17,82.18,82,83,6.15
264,Hammerfest,NO,2020-08-21 23:26:29,70.66,23.68,60.8,77,100,11.41
265,Marataizes,BR,2020-08-21 23:26:06,-21.04,-40.82,67.15,79,100,13.0
266,Maracaju,BR,2020-08-21 23:26:30,-21.61,-55.17,48.97,70,0,7.0
267,Novyy Urgal,RU,2020-08-21 23:26:30,51.07,132.56,59.7,76,56,3.13
268,Yaan,NG,2020-08-21 23:26:30,7.38,8.57,70.72,98,93,4.79
269,Zhezkazgan,KZ,2020-08-21 23:26:30,47.8,67.71,61.97,34,52,5.84
270,Amanganj,IN,2020-08-21 23:26:30,24.43,80.03,76.71,92,100,9.24
271,Luancheng,CN,2020-08-21 23:26:30,37.88,114.65,68.0,88,98,2.24
272,Axim,GH,2020-08-21 23:26:30,4.87,-2.24,75.0,89,65,9.08
273,Provideniya,RU,2020-08-21 23:26:31,64.38,-173.3,49.96,89,100,9.84
274,Dafeng,CN,2020-08-21 23:26:31,23.45,108.59,78.21,84,84,1.36
275,Peruibe,BR,2020-08-21 23:26:31,-24.32,-47.0,55.6,88,100,7.81
276,Sabha,LY,2020-08-21 23:26:31,27.04,14.43,82.24,26,0,11.99
277,Kamaishi,JP,2020-08-21 23:26:31,39.27,141.88,75.2,94,75,3.36
278,Iracoubo,GF,2020-08-21 23:26:31,5.48,-53.2,79.97,79,0,11.99
279,Padilla,CO,2020-08-21 23:26:31,3.22,-76.31,84.2,54,40,13.87
280,Adrar,MR,2020-08-21 23:26:31,20.5,-10.07,95.81,24,34,5.39
281,Payo,ID,2020-08-21 23:26:32,-3.75,103.64,71.69,86,89,2.08
282,Ganzhou,CN,2020-08-21 23:26:32,28.82,115.43,79.34,88,77,4.59
283,Korcula,HR,2020-08-21 23:26:32,42.96,17.14,69.8,68,0,1.12
284,Uyuni,BO,2020-08-21 23:26:32,-20.46,-66.83,44.62,41,78,26.35
285,Port Elizabeth,ZA,2020-08-21 23:24:26,-33.92,25.57,48.2,93,74,3.36
286,Norman Wells,CA,2020-08-21 23:26:32,65.28,-126.83,66.2,48,75,20.8
287,Vestmannaeyjar,IS,2020-08-21 23:26:32,63.44,-20.27,52.38,64,0,12.26
288,Vagur,FO,2020-08-21 23:26:32,61.47,-6.81,52.84,91,95,17.31
289,Pamyat Parizhskoy Kommuny,RU,2020-08-21 23:26:32,56.1,44.5,61.0,100,1,2.53
290,Sept-Iles,CA,2020-08-21 23:26:33,50.2,-66.38,66.2,37,20,9.17
291,Carnarvon,AU,2020-08-21 23:26:33,-24.87,113.63,55.4,100,29,5.82
292,Half Moon Bay,US,2020-08-21 23:22:05,37.46,-122.43,84.2,88,90,16.11
293,Gazanjyk,TM,2020-08-21 23:26:33,39.24,55.52,85.55,20,0,16.26
294,Ixtapa,MX,2020-08-21 23:25:59,20.7,-105.2,88.0,70,75,8.05
295,Sao Jose Da Coroa Grande,BR,2020-08-21 23:26:33,-8.9,-35.15,74.39,83,77,7.54
296,Klaksvik,FO,2020-08-21 23:26:33,62.23,-6.59,50.0,100,83,19.46
297,Namibe,AO,2020-08-21 23:26:33,-15.2,12.15,65.43,60,91,4.83
298,Puerto Madryn,AR,2020-08-21 23:26:33,-42.77,-65.04,58.96,41,0,18.16
299,Phibun Mangsahan,TH,2020-08-21 23:26:33,15.24,105.23,77.0,100,100,3.36
300,Port Pirie,AU,2020-08-21 23:26:33,-33.18,138.02,48.2,76,52,13.87
301,Saint-Pierre,RE,2020-08-21 23:26:33,-21.34,55.48,66.2,55,3,6.93
302,Sokoto,NG,2020-08-21 23:26:33,13.06,5.24,74.44,85,93,9.89
303,Balsas,BR,2020-08-21 23:26:34,-7.53,-46.04,82.35,26,55,2.91
304,Lucapa,AO,2020-08-21 23:26:34,-8.42,20.74,68.27,81,99,1.41
305,Kruisfontein,ZA,2020-08-21 23:26:34,-34.0,24.73,51.06,82,78,4.23
306,Broken Hill,AU,2020-08-21 23:26:34,-31.95,141.43,46.4,65,24,21.92
307,Saratoga Springs,US,2020-08-21 23:22:15,43.08,-73.78,81.0,51,33,5.84
308,Tessalit,ML,2020-08-21 23:26:34,20.2,1.01,97.05,10,0,12.17
309,Raahe,FI,2020-08-21 23:26:34,64.68,24.48,61.0,82,46,6.93
310,Tupelo,US,2020-08-21 23:24:14,34.26,-88.7,78.8,78,90,10.29
311,Salmo,CA,2020-08-21 23:26:34,49.2,-117.27,75.0,40,84,4.0
312,Leh,IN,2020-08-21 23:26:34,34.17,77.58,56.98,40,15,5.77
313,Praya,CV,2020-08-21 23:26:34,14.92,-23.51,80.6,74,40,3.36
314,Narovchat,RU,2020-08-21 23:26:35,53.88,43.69,52.09,76,0,3.85
315,Les Herbiers,FR,2020-08-21 23:26:35,46.87,-1.02,62.6,93,8,5.82
316,Anadyr,RU,2020-08-21 23:26:35,64.75,177.48,50.0,100,75,20.13
317,Ruzomberok,SK,2020-08-21 23:22:59,49.07,19.31,62.6,87,0,3.2
318,Ust-Kulom,RU,2020-08-21 23:26:35,61.69,53.69,47.41,97,81,4.43
319,Cervo,ES,2020-08-21 23:26:35,43.67,-7.41,63.0,1,0,9.4
320,Kudahuvadhoo,MV,2020-08-21 23:26:35,2.67,72.89,82.98,68,85,5.77
321,Shingu,JP,2020-08-21 23:26:35,33.73,135.98,87.8,66,75,1.12
322,Dukhovshchina,RU,2020-08-21 23:26:35,55.19,32.41,50.85,93,5,3.53
323,Pemba,MZ,2020-08-21 23:26:35,-12.97,40.52,73.4,83,20,12.75
324,Bosaso,SO,2020-08-21 23:26:35,11.28,49.18,91.67,42,90,18.99
325,Aitape,PG,2020-08-21 23:26:36,-3.14,142.35,81.39,82,49,6.04
326,Trojes,AL,2020-08-21 23:26:36,41.76,19.96,68.0,88,0,1.12
327,Suntar,RU,2020-08-21 23:26:36,62.14,117.63,49.6,60,42,2.26
328,Lima,PE,2020-08-21 23:22:08,-12.04,-77.03,60.8,82,90,4.7
329,Roald,NO,2020-08-21 23:26:36,62.58,6.13,63.0,93,86,4.7
330,Coquimbo,CL,2020-08-21 23:26:36,-29.95,-71.34,50.0,87,20,9.17
331,Ergani,TR,2020-08-21 23:26:36,38.27,39.76,80.6,40,40,11.41
332,Mazatlan,MX,2020-08-21 23:25:07,23.22,-106.42,89.01,70,40,12.75
333,Broome,US,2020-08-21 23:26:36,42.25,-75.83,80.01,50,75,3.71
334,Vao,NC,2020-08-21 23:26:36,-22.67,167.48,71.19,74,29,7.45
335,Lufilufi,WS,2020-08-21 23:26:36,-13.87,-171.6,77.0,94,66,23.64
336,Lebedyn,UA,2020-08-21 23:26:36,50.59,34.48,59.54,91,99,14.34
337,Belmonte,BR,2020-08-21 23:26:37,-15.86,-38.88,73.4,83,75,2.24
338,Kromberk,SI,2020-08-21 23:26:37,45.96,13.67,73.0,92,0,2.28
339,Birao,CF,2020-08-21 23:26:37,10.28,22.79,72.95,90,100,1.16
340,Preetz,DE,2020-08-21 23:26:37,54.23,10.28,66.2,93,98,2.24
341,Eureka,US,2020-08-21 23:25:17,40.8,-124.16,77.0,32,21,3.0
342,Senanga,ZM,2020-08-21 23:26:37,-16.12,23.27,66.06,43,51,4.74
343,Banjarmasin,ID,2020-08-21 23:26:37,-3.32,114.59,77.0,88,20,2.19
344,Genhe,CN,2020-08-21 23:26:37,50.78,121.52,58.86,71,100,1.99
345,Shemonaikha,KZ,2020-08-21 23:26:37,50.63,81.91,58.62,49,98,3.06
346,Maralal,KE,2020-08-21 23:26:37,1.1,36.7,57.58,82,77,5.64
347,Pullman,US,2020-08-21 23:22:55,46.73,-117.18,86.0,25,1,11.41
348,Port Macquarie,AU,2020-08-21 23:26:37,-31.43,152.92,55.99,76,40,1.12
349,Borsad,IN,2020-08-21 23:26:38,22.42,72.9,80.17,88,100,10.87
350,Saint-Denis,FR,2020-08-21 23:26:38,48.92,2.33,71.6,49,80,14.99
351,Araouane,ML,2020-08-21 23:26:38,18.9,-3.53,99.25,18,4,1.36
352,Skjervoy,NO,2020-08-21 23:26:38,70.03,20.97,56.39,82,76,5.1
353,Mehamn,NO,2020-08-21 23:26:38,71.04,27.85,57.2,87,75,10.29
354,Abong Mbang,CM,2020-08-21 23:26:38,3.98,13.18,68.11,98,96,3.4
355,Darhan,MN,2020-08-21 23:26:38,49.49,105.92,62.46,81,100,1.32
356,Dunedin,NZ,2020-08-21 23:23:33,-45.87,170.5,53.01,79,74,1.99
357,Leningradskiy,RU,2020-08-21 23:26:38,69.38,178.42,44.47,78,100,1.61
358,Tynda,RU,2020-08-21 23:26:38,55.17,124.72,57.88,77,30,1.5
359,Talara,PE,2020-08-21 23:26:39,-4.58,-81.27,63.32,82,27,12.73
360,Lasem,ID,2020-08-21 23:26:39,-6.69,111.45,75.09,76,95,6.98
361,Berezovyy,RU,2020-08-21 23:26:39,51.67,135.7,66.06,64,76,5.32
362,Nizhneudinsk,RU,2020-08-21 23:26:39,54.91,99.03,54.5,92,95,1.25
363,Chapais,CA,2020-08-21 23:26:39,49.78,-74.85,64.4,42,1,4.7
364,Uruzgan,AF,2020-08-21 23:26:39,32.83,66.0,65.93,20,0,4.97
365,Sao Joao Da Barra,BR,2020-08-21 23:26:39,-21.64,-41.05,66.24,79,100,18.34
366,Kirakira,SB,2020-08-21 23:26:39,-10.45,161.92,84.88,71,73,8.25
367,Comodoro Rivadavia,AR,2020-08-21 23:26:39,-45.87,-67.5,59.0,58,0,6.15
368,Gladstone,AU,2020-08-21 23:26:39,-23.85,151.25,66.2,37,0,4.7
369,Cap Malheureux,MU,2020-08-21 23:26:39,-19.98,57.61,68.0,81,18,1.99
370,Sainte-Suzanne,RE,2020-08-21 23:26:39,-20.91,55.61,66.2,63,20,9.17
371,Nouadhibou,MR,2020-08-21 23:26:39,20.93,-17.03,77.0,78,91,11.41
372,Guerrero Negro,MX,2020-08-21 23:26:40,27.98,-114.06,94.03,39,6,27.96
373,Tiguion,PH,2020-08-21 23:26:40,13.33,121.86,81.0,87,30,3.0
374,Lang Son,VN,2020-08-21 23:26:40,21.83,106.73,73.33,93,31,2.53
375,Lysyye Gory,RU,2020-08-21 23:26:40,51.55,44.84,52.14,81,4,5.17
376,Takoradi,GH,2020-08-21 23:24:51,4.88,-1.76,74.37,92,15,7.72
377,Hay River,CA,2020-08-21 23:26:40,60.82,-115.8,60.8,72,75,14.99
378,Cedar City,US,2020-08-21 23:23:54,37.68,-113.06,96.8,8,1,14.07
379,Ust-Nera,RU,2020-08-21 23:26:40,64.57,143.2,43.63,59,0,6.08
380,Rawson,AR,2020-08-21 23:26:08,-43.3,-65.1,58.12,38,0,14.03
381,Sambava,MG,2020-08-21 23:26:40,-14.27,50.17,67.82,85,4,11.12
382,General Roca,AR,2020-08-21 23:26:41,-39.03,-67.58,57.2,54,0,7.67
383,Longyearbyen,SJ,2020-08-21 23:26:41,78.22,15.64,41.0,93,75,2.24
384,Auki,SB,2020-08-21 23:26:41,-8.77,160.7,85.64,66,90,3.44
385,Kaabong,UG,2020-08-21 23:26:41,3.48,34.15,66.61,69,78,8.68
386,Noumea,NC,2020-08-21 23:26:41,-22.28,166.46,77.0,57,0,3.36
387,Zapolyarnyy,RU,2020-08-21 23:26:41,69.42,30.81,57.2,100,20,21.92
388,Diego De Almagro,CL,2020-08-21 23:26:41,-26.37,-70.05,50.49,45,0,1.86
389,Russkaya Polyana,UA,2020-08-21 23:26:41,49.42,31.92,63.99,90,48,7.07
390,Thinadhoo,MV,2020-08-21 23:26:41,0.53,72.93,83.66,68,61,5.57
391,Bilibino,RU,2020-08-21 23:26:41,68.05,166.44,41.38,82,100,8.25
392,Ilulissat,GL,2020-08-21 23:26:41,69.22,-51.1,44.6,56,50,2.24
393,Ancud,CL,2020-08-21 23:26:42,-41.87,-73.82,45.0,93,0,2.24
394,Lotofaga,WS,2020-08-21 23:26:42,-13.98,-171.86,77.0,94,63,25.39
395,Batemans Bay,AU,2020-08-21 23:26:42,-35.72,150.18,54.0,72,0,10.0
396,Maluso,PH,2020-08-21 23:26:42,6.54,121.88,78.8,94,75,1.12
397,Bafoulabe,ML,2020-08-21 23:26:42,13.81,-10.83,77.32,90,100,1.19
398,Qaqortoq,GL,2020-08-21 23:21:45,60.72,-46.03,47.23,71,0,2.37
399,Dayong,CN,2020-08-21 23:26:42,25.02,118.29,82.4,83,75,4.47
400,Yerbogachen,RU,2020-08-21 23:26:42,61.28,108.01,55.27,89,27,5.12
401,Lata,PT,2020-08-21 23:26:42,40.16,-8.33,63.0,91,40,3.0
402,Champasak,LA,2020-08-21 23:26:43,14.75,106.0,72.59,96,100,1.57
403,Sinazongwe,ZM,2020-08-21 23:26:43,-17.26,27.46,70.14,61,19,8.12
404,Santa Catarina De Tepehuanes,MX,2020-08-21 23:26:43,25.35,-105.73,81.45,31,26,12.46
405,Calvinia,ZA,2020-08-21 23:26:43,-31.47,19.78,51.71,40,0,5.61
406,Bambanglipuro,ID,2020-08-21 23:26:43,-7.95,110.28,73.13,90,80,3.76
407,Gamba,GA,2020-08-21 23:26:43,-2.65,10.0,73.06,83,87,3.24
408,Okha,RU,2020-08-21 23:26:43,53.57,142.95,59.9,67,0,13.62
409,Morondava,MG,2020-08-21 23:26:44,-20.28,44.28,72.68,71,51,10.89
410,Cockburn Town,TC,2020-08-21 23:26:44,21.46,-71.14,86.0,70,40,11.41
411,Telemaco Borba,BR,2020-08-21 23:26:44,-24.32,-50.62,46.69,77,98,4.21
412,Tucumcari,US,2020-08-21 23:23:34,35.17,-103.72,88.57,27,16,7.67
413,Georgetown,MY,2020-08-21 23:22:19,5.41,100.34,78.8,94,20,4.7
414,Marquette,US,2020-08-21 23:26:44,46.53,-87.63,75.0,83,33,1.99
415,Muros,ES,2020-08-21 23:26:44,42.78,-9.06,61.0,90,2,4.29
416,Aberdeen,GB,2020-08-21 23:26:35,57.14,-2.1,57.2,82,57,2.24
417,Novorzhev,RU,2020-08-21 23:26:44,57.03,29.33,53.69,93,38,1.92
418,Murgab,TM,2020-08-21 23:26:05,37.5,61.97,73.4,35,0,6.93
419,Nioro,GM,2020-08-21 23:26:44,13.35,-15.75,77.0,86,98,7.78
420,Chaupimarca,PE,2020-08-21 23:26:44,-10.43,-76.53,43.43,77,96,5.14
421,Presidencia Roque Saenz Pena,AR,2020-08-21 23:26:45,-26.79,-60.44,48.67,46,0,5.14
422,Piacabucu,BR,2020-08-21 23:26:45,-10.41,-36.43,73.44,87,93,7.56
423,Gat,IL,2020-08-21 23:24:04,31.61,34.76,77.0,80,1,3.44
424,Kushmurun,KZ,2020-08-21 23:26:45,52.45,64.63,54.73,89,100,4.92
425,Karabulak,RU,2020-08-21 23:26:45,43.3,44.9,60.8,93,96,4.47
426,Owensboro,US,2020-08-21 23:26:45,37.77,-87.11,80.6,83,75,17.22
427,Fomboni,KM,2020-08-21 23:26:45,-12.28,43.74,76.5,73,2,5.55
428,Aykhal,RU,2020-08-21 23:26:45,66.0,111.5,48.2,66,98,4.47
429,Altar,MX,2020-08-21 23:26:45,30.7,-111.82,100.0,38,4,1.99
430,Kaohsiung,TW,2020-08-21 23:26:45,22.62,120.31,80.6,100,75,2.24
431,Aswan,EG,2020-08-21 23:26:45,24.09,32.91,86.02,23,0,8.66
432,Mandurah,AU,2020-08-21 23:26:46,-32.55,115.7,53.01,75,100,7.23
433,Rio Grande,BR,2020-08-21 23:26:46,-32.03,-52.1,39.0,87,0,8.79
434,Luau,AO,2020-08-21 23:26:46,-10.71,22.22,71.4,40,79,2.95
435,Tyrma,RU,2020-08-21 23:26:46,50.08,132.17,60.91,76,40,2.39
436,Divnoye,RU,2020-08-21 23:26:46,45.91,43.35,66.29,64,98,4.7
437,Valleyview,CA,2020-08-21 23:26:46,55.07,-117.29,72.64,54,50,14.85
438,Vila,PT,2020-08-21 23:26:46,42.03,-8.16,57.0,89,0,0.38
439,Boa Vista,BR,2020-08-21 23:26:46,2.82,-60.67,86.0,66,20,4.7
440,Grindavik,IS,2020-08-21 23:26:46,63.84,-22.43,50.0,71,0,12.75
441,Stephenville,US,2020-08-21 23:23:43,32.22,-98.2,96.8,23,75,4.7
442,Saldanha,ZA,2020-08-21 23:26:46,-33.01,17.94,50.0,87,0,2.24
443,Acarau,BR,2020-08-21 23:22:49,-2.89,-40.12,77.59,85,4,11.25
444,Ilhabela,BR,2020-08-21 23:26:47,-23.78,-45.36,59.41,85,100,10.25
445,Khani,GE,2020-08-21 23:26:47,41.96,42.96,68.0,94,90,2.24
446,Port Lincoln,AU,2020-08-21 23:26:47,-34.73,135.87,50.77,63,13,20.4
447,Rio Gallegos,AR,2020-08-21 23:26:47,-51.62,-69.22,50.0,46,40,13.87
448,Sinnamary,GF,2020-08-21 23:21:56,5.38,-52.95,79.41,81,0,11.21
449,Buraydah,SA,2020-08-21 23:24:52,26.33,43.98,87.8,25,49,5.82
450,Rorvik,NO,2020-08-21 23:26:47,64.86,11.24,65.52,69,79,24.02
451,Taos,US,2020-08-21 23:26:47,36.41,-105.57,89.6,10,1,14.99
452,Port-Gentil,GA,2020-08-21 23:26:47,-0.72,8.78,75.2,83,20,10.29
453,Tautira,PF,2020-08-21 23:26:47,-17.73,-149.15,82.4,65,75,8.05
454,Jyvaskyla,FI,2020-08-21 23:26:47,62.24,25.72,57.99,87,82,5.82
455,Potsdam,DE,2020-08-21 23:23:26,52.4,13.07,77.0,70,57,3.87
456,Ambilobe,MG,2020-08-21 23:26:47,-13.2,49.05,65.14,83,46,3.98
457,Turukhansk,RU,2020-08-21 23:26:47,65.82,87.98,57.96,59,96,11.5
458,Praia Da Vitoria,PT,2020-08-21 23:26:47,38.73,-27.07,69.8,88,40,3.33
459,Vangaindrano,MG,2020-08-21 23:26:48,-23.35,47.6,66.78,92,52,6.2
460,Marienburg,PL,2020-08-21 23:26:48,54.04,19.03,73.99,98,92,11.79
461,Cabra,ES,2020-08-21 23:26:48,37.47,-4.44,78.01,51,0,3.31
462,Guilin,CN,2020-08-21 23:25:44,25.28,110.29,73.4,100,20,1.45
463,Ulverstone,AU,2020-08-21 23:26:48,-41.15,146.17,48.99,59,38,3.0
464,Baykit,RU,2020-08-21 23:26:48,61.67,96.37,57.02,70,96,4.68
465,Jacareacanga,BR,2020-08-21 23:26:48,-6.22,-57.75,87.13,36,58,2.95
466,Ulagan,RU,2020-08-21 23:26:48,50.63,87.96,45.84,79,88,2.28
467,Silver City,US,2020-08-21 23:26:48,32.77,-108.28,87.8,22,40,26.4
468,Egvekinot,RU,2020-08-21 23:26:48,66.32,-179.17,46.0,96,100,6.17
469,Fonte Boa,BR,2020-08-21 23:26:48,-2.5,-66.27,85.06,55,45,2.24
470,Sao Lourenco Do Sul,BR,2020-08-21 23:26:49,-31.37,-51.98,39.0,87,0,5.73
471,Emirdag,TR,2020-08-21 23:26:49,39.02,31.15,61.16,67,1,4.65
472,Shubarshi,KZ,2020-08-21 23:26:49,48.59,57.19,60.39,52,3,6.89
473,Annau,TM,2020-08-21 23:26:49,37.89,58.52,80.6,28,0,9.17
474,Codrington,AU,2020-08-21 23:26:49,-38.27,141.97,48.38,80,82,20.13
475,Gejiu,CN,2020-08-21 23:26:49,23.31,103.16,56.61,100,66,2.44
476,Atar,MR,2020-08-21 23:26:49,20.52,-13.05,89.2,42,22,5.01
477,Marawi,PH,2020-08-21 23:26:49,8.0,124.29,75.0,89,76,5.99
478,Charters Towers,AU,2020-08-21 23:26:49,-20.1,146.27,66.67,27,0,11.1
479,Victor Harbor,AU,2020-08-21 23:26:49,-35.57,138.62,50.0,74,26,1.99
480,Sao Sebastiao,BR,2020-08-21 23:26:49,-23.76,-45.41,59.0,86,100,9.44
481,Sobolevo,RU,2020-08-21 23:26:50,54.43,31.9,51.39,96,38,3.71
482,Paamiut,GL,2020-08-21 23:26:50,61.99,-49.67,44.44,81,0,0.47
483,Ust-Uda,RU,2020-08-21 23:26:50,54.17,103.03,58.66,71,100,2.15
484,Banda Aceh,ID,2020-08-21 23:26:50,5.56,95.32,79.36,79,100,2.28
485,Kodinsk,RU,2020-08-21 23:26:50,58.69,99.18,57.52,66,91,1.95
486,Ust-Kuyga,RU,2020-08-21 23:26:50,70.02,135.6,38.53,79,100,4.5
487,Qandala,SO,2020-08-21 23:26:50,11.47,49.87,88.66,54,61,5.88
488,Dolzhanskaya,RU,2020-08-21 23:26:50,46.63,37.8,73.0,100,7,8.01
489,Skegness,GB,2020-08-21 23:26:50,53.14,0.34,63.0,82,20,12.75
490,Urucara,BR,2020-08-21 23:26:51,-2.54,-57.76,86.23,33,43,1.72
491,Ponta Do Sol,PT,2020-08-21 23:26:51,32.67,-17.1,73.4,83,75,6.93
492,El Alto,PE,2020-08-21 23:26:51,-4.27,-81.21,62.98,81,47,12.48
493,Tshikapa,CD,2020-08-21 23:26:51,-6.42,20.8,75.69,74,100,4.54
494,Itarema,BR,2020-08-21 23:26:51,-2.92,-39.92,77.99,84,3,12.53
495,Goba,ET,2020-08-21 23:26:51,7.02,39.98,50.05,82,78,5.01
496,San Miguel,SV,2020-08-21 23:26:51,13.48,-88.18,77.0,100,40,2.73
497,Pijijiapan,MX,2020-08-21 23:26:51,15.7,-93.23,84.13,67,10,3.71
498,Oktyabrskiy,RU,2020-08-21 23:26:51,54.48,53.47,48.81,94,34,3.87
499,Lubao,PH,2020-08-21 23:26:51,14.92,120.55,80.01,88,75,3.36
500,Roura,GF,2020-08-21 23:26:52,4.73,-52.33,80.6,83,1,4.7
501,Rapar,IN,2020-08-21 23:22:11,23.57,70.63,81.59,86,100,10.78
502,San Cristobal,VE,2020-08-21 23:26:52,7.77,-72.22,86.0,62,40,11.41
503,Bilma,NE,2020-08-21 23:26:52,18.69,12.92,92.12,38,84,9.1
504,Camacha,PT,2020-08-21 23:26:52,33.08,-16.33,73.4,83,40,8.05
505,Kota Bahru,MY,2020-08-21 23:26:52,6.13,102.24,75.2,94,20,4.7
506,Yar-Sale,RU,2020-08-21 23:26:52,66.83,70.83,53.02,91,83,8.68
507,Andenes,NO,2020-08-21 23:26:52,69.31,16.12,50.0,93,65,6.93
508,The Valley,AI,2020-08-21 23:26:52,18.22,-63.06,82.99,78,20,16.11
509,Oranjemund,NA,2020-08-21 23:26:52,-28.55,16.43,64.62,27,0,9.13
510,Diphu,IN,2020-08-21 23:26:53,25.83,93.43,72.07,93,0,0.81
511,Floro,NO,2020-08-21 23:26:53,61.6,5.03,62.6,82,99,21.92
512,Hamilton,US,2020-08-21 23:26:53,39.18,-84.53,82.0,74,1,4.7
513,Sri Aman,MY,2020-08-21 23:26:53,1.24,111.46,75.2,100,43,0.6
514,Boquira,BR,2020-08-21 23:26:53,-12.82,-42.73,78.62,41,58,12.75
515,Olafsvik,IS,2020-08-21 23:26:53,64.89,-23.71,51.21,64,0,15.12
516,Mayumba,GA,2020-08-21 23:26:53,-3.43,10.66,72.59,88,44,3.4
517,Bad Aussee,AT,2020-08-21 23:26:53,47.61,13.78,63.0,77,0,4.16
518,Umm Kaddadah,SD,2020-08-21 23:26:54,13.6,26.69,84.74,49,11,9.19
519,Bandarbeyla,SO,2020-08-21 23:26:54,9.49,50.81,76.05,79,99,30.67
520,Cajnice,BA,2020-08-21 23:26:02,43.56,19.07,60.8,82,0,1.95
521,Fernie,CA,2020-08-21 23:26:54,49.5,-115.07,84.2,28,75,10.29
522,Beyneu,KZ,2020-08-21 23:26:54,45.32,55.2,74.97,47,100,14.45
523,Tungor,RU,2020-08-21 23:26:54,53.38,142.96,60.57,64,0,12.82
524,Jatiroto,ID,2020-08-21 23:26:54,-7.88,111.12,73.4,83,77,1.86
525,Puerto Madero,MX,2020-08-21 23:26:54,14.72,-92.42,86.0,74,40,6.93
526,Buckeye,US,2020-08-21 23:25:57,33.37,-112.58,100.99,32,1,14.99
527,Kungurtug,RU,2020-08-21 23:26:54,50.6,97.52,45.59,83,3,1.68
528,Fernan-Nunez,ES,2020-08-21 23:26:54,37.69,-4.72,80.6,54,0,8.05
529,Akureyri,IS,2020-08-21 23:23:02,65.68,-18.09,44.6,81,0,13.87
530,Stoughton,US,2020-08-21 23:22:41,42.13,-71.1,84.2,51,1,11.41
531,Meadow Lake,US,2020-08-21 23:26:54,34.8,-106.54,98.6,10,40,4.7
532,Kasongo-Lunda,CD,2020-08-21 23:26:55,-6.47,16.82,79.75,56,63,4.47
533,Bodden Town,KY,2020-08-21 23:26:55,19.28,-81.25,80.6,83,75,17.22
534,Zaltan,LY,2020-08-21 23:26:55,32.95,11.87,81.18,67,0,15.95
535,Flinders,AU,2020-08-21 23:26:55,-34.58,150.86,55.0,53,0,8.01
536,Znamenskoye,RU,2020-08-21 23:26:55,57.13,73.83,49.78,97,68,3.53
537,Sinjai,ID,2020-08-21 23:26:55,-5.12,120.25,76.96,83,33,2.13
538,Swellendam,ZA,2020-08-21 23:26:55,-34.02,20.44,48.2,93,81,5.82
539,Mercedes,AR,2020-08-21 23:26:55,-34.65,-59.43,51.01,55,0,5.86
540,Aksarka,RU,2020-08-21 23:26:55,66.56,67.8,50.13,88,43,14.54
541,Geraldton,AU,2020-08-21 23:26:55,-28.77,114.6,57.2,76,90,5.82
542,Miraflores,MX,2020-08-21 23:26:55,19.22,-98.81,77.0,29,40,5.82
543,Moundou,TD,2020-08-21 23:26:55,8.57,16.08,72.9,95,96,3.27
544,Sungairaya,ID,2020-08-21 23:26:56,0.7,108.9,78.89,86,83,3.24
545,Karachev,RU,2020-08-21 23:26:56,53.12,34.99,51.1,89,73,5.95
546,Norden,DE,2020-08-21 23:26:56,53.6,7.2,66.2,77,75,4.7
547,Boddam,GB,2020-08-21 23:26:56,57.47,-1.78,60.01,82,58,2.24
548,Saint-Francois,FR,2020-08-21 23:26:56,46.42,3.91,68.0,82,68,6.93
549,Hofn,IS,2020-08-21 23:26:56,64.25,-15.21,48.94,60,0,21.79
550,Uige,AO,2020-08-21 23:26:56,-7.61,15.06,65.57,85,33,2.93
551,Severo-Yeniseyskiy,RU,2020-08-21 23:26:56,60.37,93.04,49.82,98,95,2.28
552,Firminy,FR,2020-08-21 23:23:38,45.39,4.29,69.8,77,6,3.36
553,Manokwari,ID,2020-08-21 23:26:56,-0.87,134.08,81.72,69,89,0.94
554,Diebougou,BF,2020-08-21 23:26:56,10.97,-3.25,75.43,92,100,2.15
555,Coihaique,CL,2020-08-21 23:26:56,-45.58,-72.07,46.4,61,40,3.36
556,Surt,LY,2020-08-21 23:26:57,31.21,16.59,79.47,71,0,10.11
557,Same,TZ,2020-08-21 23:26:57,-4.07,37.73,63.82,84,40,0.85
558,Ambulu,ID,2020-08-21 23:26:57,-8.35,113.61,71.2,70,37,2.59
559,Necochea,AR,2020-08-21 23:26:57,-38.55,-58.74,44.01,87,0,4.0
560,Donghai,CN,2020-08-21 23:26:57,22.95,115.64,80.19,84,82,1.34
561,Heinola,FI,2020-08-21 23:26:58,61.21,26.04,60.01,82,94,5.82
562,Santa Cruz,BO,2020-08-21 23:24:39,-17.8,-63.17,53.6,62,90,6.93
563,Yumen,CN,2020-08-21 23:26:58,40.28,97.2,71.33,34,100,5.75
564,Solnechnyy,RU,2020-08-21 23:26:58,50.72,136.63,65.35,59,68,3.89
565,Pangai,TO,2020-08-21 23:26:58,-19.8,-174.35,80.6,83,20,10.29
566,Manati,PR,2020-08-21 23:26:58,18.43,-66.49,82.4,88,75,11.41
567,San Juan,AR,2020-08-21 23:24:37,-31.54,-68.54,54.99,33,0,7.23
